,Assay,Uniprot ID
Olink Target 96 Cardiometabolic(v.3603),PRCP,P42785
Olink Target 96 Cardiometabolic(v.3603).1,CA1,P00915
Olink Target 96 Cardiometabolic(v.3603).2,ICAM1,P05362
Olink Target 96 Cardiometabolic(v.3603).3,CHL1,O00533
Olink Target 96 Cardiometabolic(v.3603).4,TGFBI,Q15582
Olink Target 96 Cardiometabolic(v.3603).5,ENG,P17813
Olink Target 96 Cardiometabolic(v.3603).6,PLTP,P55058
Olink Target 96 Cardiometabolic(v.3603).7,SERPINA7,P05543
Olink Target 96 Cardiometabolic(v.3603).8,IGFBP3,P17936
Olink Target 96 Cardiometabolic(v.3603).9,CR2,P20023
Olink Target 96 Cardiometabolic(v.3603).10,SERPINA5,P05154
Olink Target 96 Cardiometabolic(v.3603).11,FCGR3B,O75015
Olink Target 96 Cardiometabolic(v.3603).12,IGFBP6,P24592
Olink Target 96 Cardiometabolic(v.3603).13,CDH1,P12830
Olink Target 96 Cardiometabolic(v.3603).14,CCL5,P13501
Olink Target 96 Cardiometabolic(v.3603).15,CCL14,Q16627
Olink Target 96 Cardiometabolic(v.3603).16,GNLY,P22749
Olink Target 96 Cardiometabolic(v.3603).17,NOTCH1,P46531
Olink Target 96 Cardiometabolic(v.3603).18,PAM,P19021
Olink Target 96 Cardiometabolic(v.3603).19,PROC,P04070
Olink Target 96 Cardiometabolic(v.3603).20,CST3,P01034
Olink Target 96 Cardiometabolic(v.3603).21,NCAM1,P13591
Olink Target 96 Cardiometabolic(v.3603).22,PCOLCE,Q15113
Olink Target 96 Cardiometabolic(v.3603).23,LILRB1,Q8NHL6
Olink Target 96 Cardiometabolic(v.3603).24,MET,P08581
Olink Target 96 Cardiometabolic(v.3603).25,LTBP2,Q14767
Olink Target 96 Cardiometabolic(v.3603).26,IL7R,P16871
Olink Target 96 Cardiometabolic(v.3603).27,VCAM1,P19320
Olink Target 96 Cardiometabolic(v.3603).28,SELL,P14151
Olink Target 96 Cardiometabolic(v.3603).29,F11,P03951
Olink Target 96 Cardiometabolic(v.3603).30,COMP,P49747
Olink Target 96 Cardiometabolic(v.3603).31,CA4,P22748
Olink Target 96 Cardiometabolic(v.3603).32,PTPRS,Q13332
Olink Target 96 Cardiometabolic(v.3603).33,MBL2,P11226
Olink Target 96 Cardiometabolic(v.3603).34,TIMP1,P01033
Olink Target 96 Cardiometabolic(v.3603).35,ANGPTL3,Q9Y5C1
Olink Target 96 Cardiometabolic(v.3603).36,REG3A,Q06141
Olink Target 96 Cardiometabolic(v.3603).37,SOD1,P00441
Olink Target 96 Cardiometabolic(v.3603).38,CD46,P15529
Olink Target 96 Cardiometabolic(v.3603).39,ITGAM,P11215
Olink Target 96 Cardiometabolic(v.3603).40,TNC,P24821
Olink Target 96 Cardiometabolic(v.3603).41,NID1,P14543
Olink Target 96 Cardiometabolic(v.3603).42,CFHR5,Q9BXR6
Olink Target 96 Cardiometabolic(v.3603).43,SPARCL1,Q14515
Olink Target 96 Cardiometabolic(v.3603).44,PLXNB2,O15031
Olink Target 96 Cardiometabolic(v.3603).45,MEGF9,Q9H1U4
Olink Target 96 Cardiometabolic(v.3603).46,ANG,P03950
Olink Target 96 Cardiometabolic(v.3603).47,ST6GAL1,P15907
Olink Target 96 Cardiometabolic(v.3603).48,DPP4,P27487
Olink Target 96 Cardiometabolic(v.3603).49,REG1A,P05451
Olink Target 96 Cardiometabolic(v.3603).50,QPCT,Q16769
Olink Target 96 Cardiometabolic(v.3603).51,FCN2,Q15485
Olink Target 96 Cardiometabolic(v.3603).52,FETUB,Q9UGM5
Olink Target 96 Cardiometabolic(v.3603).53,CES1,P23141
Olink Target 96 Cardiometabolic(v.3603).54,CRTAC1,Q9NQ79
Olink Target 96 Cardiometabolic(v.3603).55,TCN2,P20062
Olink Target 96 Cardiometabolic(v.3603).56,PRSS2,P07478
Olink Target 96 Cardiometabolic(v.3603).57,ICAM3,P32942
Olink Target 96 Cardiometabolic(v.3603).58,SAA4,P35542
Olink Target 96 Cardiometabolic(v.3603).59,CNDP1,Q96KN2
Olink Target 96 Cardiometabolic(v.3603).60,FCGR2A,P12318
Olink Target 96 Cardiometabolic(v.3603).61,NRP1,O14786
Olink Target 96 Cardiometabolic(v.3603).62,EFEMP1,Q12805
Olink Target 96 Cardiometabolic(v.3603).63,TIMD4,Q96H15
Olink Target 96 Cardiometabolic(v.3603).64,FAP,Q12884
Olink Target 96 Cardiometabolic(v.3603).65,TIE1,P35590
Olink Target 96 Cardiometabolic(v.3603).66,THBS4,P35443
Olink Target 96 Cardiometabolic(v.3603).67,F7,P08709
Olink Target 96 Cardiometabolic(v.3603).68,GP1BA,P07359
Olink Target 96 Cardiometabolic(v.3603).69,LYVE1,Q9Y5Y7
Olink Target 96 Cardiometabolic(v.3603).70,CA3,P07451
Olink Target 96 Cardiometabolic(v.3603).71,TGFBR3,Q03167
Olink Target 96 Cardiometabolic(v.3603).72,DEFA1,P59665
Olink Target 96 Cardiometabolic(v.3603).73,CD59,P13987
Olink Target 96 Cardiometabolic(v.3603).74,APOM,O95445
Olink Target 96 Cardiometabolic(v.3603).75,OSMR,Q99650
Olink Target 96 Cardiometabolic(v.3603).76,LILRB2,Q8N423
Olink Target 96 Cardiometabolic(v.3603).77,UMOD,P07911
Olink Target 96 Cardiometabolic(v.3603).78,CCL18,P55774
Olink Target 96 Cardiometabolic(v.3603).79,COL18A1,P39060
Olink Target 96 Cardiometabolic(v.3603).80,LCN2,P80188
Olink Target 96 Cardiometabolic(v.3603).81,KIT,P10721
Olink Target 96 Cardiometabolic(v.3603).82,C1QTNF1,Q9BXJ1
Olink Target 96 Cardiometabolic(v.3603).83,AOC3,Q16853
Olink Target 96 Cardiometabolic(v.3603).84,GAS6,Q14393
Olink Target 96 Cardiometabolic(v.3603).85,IGLC2,P0DOY2
Olink Target 96 Cardiometabolic(v.3603).86,PLA2G7,Q13093
Olink Target 96 Cardiometabolic(v.3603).87,TNXB,P22105
Olink Target 96 Cardiometabolic(v.3603).88,MFAP5,Q13361
Olink Target 96 Cardiometabolic(v.3603).89,VASN,Q6EMK4
Olink Target 96 Cardiometabolic(v.3603).90,LILRB5,O75023
Olink Target 96 Cardiometabolic(v.3603).91,C2,P06681
Olink Target 96 Cardiovascular II(v.5006),BMP-6,P22004
Olink Target 96 Cardiovascular II(v.5006).1,ANGPT1,Q15389
Olink Target 96 Cardiovascular II(v.5006).2,ADM,P35318
Olink Target 96 Cardiovascular II(v.5006).3,CD40-L,P29965
Olink Target 96 Cardiovascular II(v.5006).4,SLAMF7,Q9NQ25
Olink Target 96 Cardiovascular II(v.5006).5,PGF,P49763
Olink Target 96 Cardiovascular II(v.5006).6,ADAM-TS13,Q76LX8
Olink Target 96 Cardiovascular II(v.5006).7,BOC,Q9BWV1
Olink Target 96 Cardiovascular II(v.5006).8,IL-4RA,P24394
Olink Target 96 Cardiovascular II(v.5006).9,SRC,P12931
Olink Target 96 Cardiovascular II(v.5006).10,IL-1ra,P18510
Olink Target 96 Cardiovascular II(v.5006).11,IL6,P05231
Olink Target 96 Cardiovascular II(v.5006).12,TNFRSF10A,O00220
Olink Target 96 Cardiovascular II(v.5006).13,STK4,Q13043
Olink Target 96 Cardiovascular II(v.5006).14,IDUA,P35475
Olink Target 96 Cardiovascular II(v.5006).15,TNFRSF11A,Q9Y6Q6
Olink Target 96 Cardiovascular II(v.5006).16,PAR-1,P25116
Olink Target 96 Cardiovascular II(v.5006).17,TRAIL-R2,O14763
Olink Target 96 Cardiovascular II(v.5006).18,PRSS27,Q9BQR3
Olink Target 96 Cardiovascular II(v.5006).19,TIE2,Q02763
Olink Target 96 Cardiovascular II(v.5006).20,TF,P13726
Olink Target 96 Cardiovascular II(v.5006).21,IL1RL2,Q9HB29
Olink Target 96 Cardiovascular II(v.5006).22,PDGF subunit B,P01127
Olink Target 96 Cardiovascular II(v.5006).23,IL-27,"Q8NEV9,Q14213"
Olink Target 96 Cardiovascular II(v.5006).24,IL-17D,Q8TAD2
Olink Target 96 Cardiovascular II(v.5006).25,CXCL1,P09341
Olink Target 96 Cardiovascular II(v.5006).26,LOX-1,P78380
Olink Target 96 Cardiovascular II(v.5006).27,Gal-9,O00182
Olink Target 96 Cardiovascular II(v.5006).28,GIF,P27352
Olink Target 96 Cardiovascular II(v.5006).29,SCF,P21583
Olink Target 96 Cardiovascular II(v.5006).30,IL18,Q14116
Olink Target 96 Cardiovascular II(v.5006).31,FGF-21,Q9NSA1
Olink Target 96 Cardiovascular II(v.5006).32,PIgR,P01833
Olink Target 96 Cardiovascular II(v.5006).33,RAGE,Q15109
Olink Target 96 Cardiovascular II(v.5006).34,SOD2,P04179
Olink Target 96 Cardiovascular II(v.5006).35,CTRC,Q99895
Olink Target 96 Cardiovascular II(v.5006).36,FGF-23,Q9GZV9
Olink Target 96 Cardiovascular II(v.5006).37,SPON2,Q9BUD6
Olink Target 96 Cardiovascular II(v.5006).38,GH,P01241
Olink Target 96 Cardiovascular II(v.5006).39,FS,P19883
Olink Target 96 Cardiovascular II(v.5006).40,GLO1,Q04760
Olink Target 96 Cardiovascular II(v.5006).41,CD84,Q9UIB8
Olink Target 96 Cardiovascular II(v.5006).42,PAPPA,Q13219
Olink Target 96 Cardiovascular II(v.5006).43,SERPINA12,Q8IW75
Olink Target 96 Cardiovascular II(v.5006).44,REN,P00797
Olink Target 96 Cardiovascular II(v.5006).45,DECR1,Q16698
Olink Target 96 Cardiovascular II(v.5006).46,MERTK,Q12866
Olink Target 96 Cardiovascular II(v.5006).47,KIM1,Q96D42
Olink Target 96 Cardiovascular II(v.5006).48,THBS2,P35442
Olink Target 96 Cardiovascular II(v.5006).49,TM,P07204
Olink Target 96 Cardiovascular II(v.5006).50,VSIG2,Q96IQ7
Olink Target 96 Cardiovascular II(v.5006).51,AMBP,P02760
Olink Target 96 Cardiovascular II(v.5006).52,PRELP,P51888
Olink Target 96 Cardiovascular II(v.5006).53,HO-1,P09601
Olink Target 96 Cardiovascular II(v.5006).54,XCL1,P47992
Olink Target 96 Cardiovascular II(v.5006).55,IL16,Q14005
Olink Target 96 Cardiovascular II(v.5006).56,SORT1,Q99523
Olink Target 96 Cardiovascular II(v.5006).57,CEACAM8,P31997
Olink Target 96 Cardiovascular II(v.5006).58,PTX3,P26022
Olink Target 96 Cardiovascular II(v.5006).59,PSGL-1,Q14242
Olink Target 96 Cardiovascular II(v.5006).60,CCL17,Q92583
Olink Target 96 Cardiovascular II(v.5006).61,CCL3,P10147
Olink Target 96 Cardiovascular II(v.5006).62,MMP7,P09237
Olink Target 96 Cardiovascular II(v.5006).63,IgG Fc receptor II-b,P31994
Olink Target 96 Cardiovascular II(v.5006).64,ITGB1BP2,Q9UKP3
Olink Target 96 Cardiovascular II(v.5006).65,DCN,P07585
Olink Target 96 Cardiovascular II(v.5006).66,Dkk-1,O94907
Olink Target 96 Cardiovascular II(v.5006).67,LPL,P06858
Olink Target 96 Cardiovascular II(v.5006).68,PRSS8,Q16651
Olink Target 96 Cardiovascular II(v.5006).69,AGRP,O00253
Olink Target 96 Cardiovascular II(v.5006).70,HB-EGF,Q99075
Olink Target 96 Cardiovascular II(v.5006).71,GDF-2,Q9UK05
Olink Target 96 Cardiovascular II(v.5006).72,FABP2,P12104
Olink Target 96 Cardiovascular II(v.5006).73,THPO,P40225
Olink Target 96 Cardiovascular II(v.5006).74,MARCO,Q9UEW3
Olink Target 96 Cardiovascular II(v.5006).75,GT,P51161
Olink Target 96 Cardiovascular II(v.5006).76,BNP,P16860
Olink Target 96 Cardiovascular II(v.5006).77,MMP12,P39900
Olink Target 96 Cardiovascular II(v.5006).78,ACE2,Q9BYF1
Olink Target 96 Cardiovascular II(v.5006).79,PD-L2,Q9BQ51
Olink Target 96 Cardiovascular II(v.5006).80,CTSL1,P07711
Olink Target 96 Cardiovascular II(v.5006).81,hOSCAR,Q8IYS5
Olink Target 96 Cardiovascular II(v.5006).82,TNFRSF13B,O14836
Olink Target 96 Cardiovascular II(v.5006).83,TGM2,P21980
Olink Target 96 Cardiovascular II(v.5006).84,LEP,P41159
Olink Target 96 Cardiovascular II(v.5006).85,CA5A,P35218
Olink Target 96 Cardiovascular II(v.5006).86,HSP 27,P04792
Olink Target 96 Cardiovascular II(v.5006).87,CD4,P01730
Olink Target 96 Cardiovascular II(v.5006).88,NEMO,Q9Y6K9
Olink Target 96 Cardiovascular II(v.5006).89,VEGFD,O43915
Olink Target 96 Cardiovascular II(v.5006).90,PARP-1,P09874
Olink Target 96 Cardiovascular II(v.5006).91,HAOX1,Q9UJM8
Olink Target 96 Cardiovascular III(v.6114),TNFRSF14,Q92956
Olink Target 96 Cardiovascular III(v.6114).1,LDL receptor,P01130
Olink Target 96 Cardiovascular III(v.6114).2,ITGB2,P05107
Olink Target 96 Cardiovascular III(v.6114).3,IL-17RA,Q96F46
Olink Target 96 Cardiovascular III(v.6114).4,TNF-R2,P20333
Olink Target 96 Cardiovascular III(v.6114).5,MMP-9,P14780
Olink Target 96 Cardiovascular III(v.6114).6,EPHB4,P54760
Olink Target 96 Cardiovascular III(v.6114).7,IL2-RA,P01589
Olink Target 96 Cardiovascular III(v.6114).8,OPG,O00300
Olink Target 96 Cardiovascular III(v.6114).9,ALCAM,Q13740
Olink Target 96 Cardiovascular III(v.6114).10,TFF3,Q07654
Olink Target 96 Cardiovascular III(v.6114).11,SELP,P16109
Olink Target 96 Cardiovascular III(v.6114).12,CSTB,P04080
Olink Target 96 Cardiovascular III(v.6114).13,MCP-1,P13500
Olink Target 96 Cardiovascular III(v.6114).14,CD163,Q86VB7
Olink Target 96 Cardiovascular III(v.6114).15,Gal-3,P17931
Olink Target 96 Cardiovascular III(v.6114).16,GRN,P28799
Olink Target 96 Cardiovascular III(v.6114).17,NT-proBNP,
Olink Target 96 Cardiovascular III(v.6114).18,BLM hydrolase,Q13867
Olink Target 96 Cardiovascular III(v.6114).19,PLC,P98160
Olink Target 96 Cardiovascular III(v.6114).20,LTBR,P36941
Olink Target 96 Cardiovascular III(v.6114).21,Notch 3,Q9UM47
Olink Target 96 Cardiovascular III(v.6114).22,TIMP4,Q99727
Olink Target 96 Cardiovascular III(v.6114).23,CNTN1,Q12860
Olink Target 96 Cardiovascular III(v.6114).24,CDH5,P33151
Olink Target 96 Cardiovascular III(v.6114).25,TLT-2,Q5T2D2
Olink Target 96 Cardiovascular III(v.6114).26,FABP4,P15090
Olink Target 96 Cardiovascular III(v.6114).27,TFPI,P10646
Olink Target 96 Cardiovascular III(v.6114).28,PAI,P05121
Olink Target 96 Cardiovascular III(v.6114).29,CCL24,O00175
Olink Target 96 Cardiovascular III(v.6114).30,TR,P02786
Olink Target 96 Cardiovascular III(v.6114).31,TNFRSF10C,O14798
Olink Target 96 Cardiovascular III(v.6114).32,GDF-15,Q99988
Olink Target 96 Cardiovascular III(v.6114).33,SELE,P16581
Olink Target 96 Cardiovascular III(v.6114).34,AZU1,P20160
Olink Target 96 Cardiovascular III(v.6114).35,DLK-1,P80370
Olink Target 96 Cardiovascular III(v.6114).36,SPON1,Q9HCB6
Olink Target 96 Cardiovascular III(v.6114).37,MPO,P05164
Olink Target 96 Cardiovascular III(v.6114).38,CXCL16,Q9H2A7
Olink Target 96 Cardiovascular III(v.6114).39,IL-6RA,P08887
Olink Target 96 Cardiovascular III(v.6114).40,RETN,Q9HD89
Olink Target 96 Cardiovascular III(v.6114).41,IGFBP-1,P08833
Olink Target 96 Cardiovascular III(v.6114).42,CHIT1,Q13231
Olink Target 96 Cardiovascular III(v.6114).43,TR-AP,P13686
Olink Target 96 Cardiovascular III(v.6114).44,GP6,Q9HCN6
Olink Target 96 Cardiovascular III(v.6114).45,PSP-D,P35247
Olink Target 96 Cardiovascular III(v.6114).46,PI3,P19957
Olink Target 96 Cardiovascular III(v.6114).47,Ep-CAM,P16422
Olink Target 96 Cardiovascular III(v.6114).48,AP-N,P15144
Olink Target 96 Cardiovascular III(v.6114).49,AXL,P30530
Olink Target 96 Cardiovascular III(v.6114).50,IL-1RT1,P14778
Olink Target 96 Cardiovascular III(v.6114).51,MMP-2,P08253
Olink Target 96 Cardiovascular III(v.6114).52,FAS,P25445
Olink Target 96 Cardiovascular III(v.6114).53,MB,P02144
Olink Target 96 Cardiovascular III(v.6114).54,TNFSF13B,Q9Y275
Olink Target 96 Cardiovascular III(v.6114).55,PRTN3,P24158
Olink Target 96 Cardiovascular III(v.6114).56,PCSK9,Q8NBP7
Olink Target 96 Cardiovascular III(v.6114).57,U-PAR,Q03405
Olink Target 96 Cardiovascular III(v.6114).58,OPN,P10451
Olink Target 96 Cardiovascular III(v.6114).59,CTSD,P07339
Olink Target 96 Cardiovascular III(v.6114).60,PGLYRP1,O75594
Olink Target 96 Cardiovascular III(v.6114).61,CPA1,P15085
Olink Target 96 Cardiovascular III(v.6114).62,JAM-A,Q9Y624
Olink Target 96 Cardiovascular III(v.6114).63,Gal-4,P56470
Olink Target 96 Cardiovascular III(v.6114).64,IL-1RT2,P27930
Olink Target 96 Cardiovascular III(v.6114).65,SHPS-1,P78324
Olink Target 96 Cardiovascular III(v.6114).66,CCL15,Q16663
Olink Target 96 Cardiovascular III(v.6114).67,CASP-3,P42574
Olink Target 96 Cardiovascular III(v.6114).68,uPA,P00749
Olink Target 96 Cardiovascular III(v.6114).69,CPB1,P15086
Olink Target 96 Cardiovascular III(v.6114).70,CHI3L1,P36222
Olink Target 96 Cardiovascular III(v.6114).71,ST2,Q01638
Olink Target 96 Cardiovascular III(v.6114).72,t-PA,P00750
Olink Target 96 Cardiovascular III(v.6114).73,SCGB3A2,Q96PL1
Olink Target 96 Cardiovascular III(v.6114).74,EGFR,P00533
Olink Target 96 Cardiovascular III(v.6114).75,IGFBP-7,Q16270
Olink Target 96 Cardiovascular III(v.6114).76,CD93,Q9NPY3
Olink Target 96 Cardiovascular III(v.6114).77,IL-18BP,O95998
Olink Target 96 Cardiovascular III(v.6114).78,COL1A1,P02452
Olink Target 96 Cardiovascular III(v.6114).79,PON3,Q15166
Olink Target 96 Cardiovascular III(v.6114).80,CTSZ,Q9UBR2
Olink Target 96 Cardiovascular III(v.6114).81,MMP-3,P08254
Olink Target 96 Cardiovascular III(v.6114).82,RARRES2,Q99969
Olink Target 96 Cardiovascular III(v.6114).83,ICAM-2,P13598
Olink Target 96 Cardiovascular III(v.6114).84,KLK6,Q92876
Olink Target 96 Cardiovascular III(v.6114).85,PDGF subunit A,P04085
Olink Target 96 Cardiovascular III(v.6114).86,TNF-R1,P19438
Olink Target 96 Cardiovascular III(v.6114).87,IGFBP-2,P18065
Olink Target 96 Cardiovascular III(v.6114).88,vWF,P04275
Olink Target 96 Cardiovascular III(v.6114).89,PECAM-1,P16284
Olink Target 96 Cardiovascular III(v.6114).90,MEPE,Q9NQ76
Olink Target 96 Cardiovascular III(v.6114).91,CCL16,O15467
Olink Target 96 Development(v.3521),CTSF,Q9UBX1
Olink Target 96 Development(v.3521).1,MATN2,O00339
Olink Target 96 Development(v.3521).2,HTRA2,O43464
Olink Target 96 Development(v.3521).3,MFGE8,Q08431
Olink Target 96 Development(v.3521).4,NUDT5,Q9UKK9
Olink Target 96 Development(v.3521).5,ACAN,P16112
Olink Target 96 Development(v.3521).6,ITGB1,P05556
Olink Target 96 Development(v.3521).7,DKK3,Q9UBP4
Olink Target 96 Development(v.3521).8,SPINT2,O43291
Olink Target 96 Development(v.3521).9,APP,P05067
Olink Target 96 Development(v.3521).10,HAVCR2,Q8TDQ0
Olink Target 96 Development(v.3521).11,DSC2,Q02487
Olink Target 96 Development(v.3521).12,TMSB10,P63313
Olink Target 96 Development(v.3521).13,ANGPTL4,Q9BY76
Olink Target 96 Development(v.3521).14,INHBC,P55103
Olink Target 96 Development(v.3521).15,SPINK1,P00995
Olink Target 96 Development(v.3521).16,CLEC11A,Q9Y240
Olink Target 96 Development(v.3521).17,PDGFRB,P09619
Olink Target 96 Development(v.3521).18,COCH,O43405
Olink Target 96 Development(v.3521).19,FCRL5,Q96RD9
Olink Target 96 Development(v.3521).20,PILRA,Q9UKJ1
Olink Target 96 Development(v.3521).21,B4GALT1,P15291
Olink Target 96 Development(v.3521).22,CD300LG,Q6UXG3
Olink Target 96 Development(v.3521).23,PARK7,Q99497
Olink Target 96 Development(v.3521).24,BLVRB,P30043
Olink Target 96 Development(v.3521).25,PLA2G4A,P47712
Olink Target 96 Development(v.3521).26,CD74,P04233
Olink Target 96 Development(v.3521).27,CCL21,O00585
Olink Target 96 Development(v.3521).28,PTPRF,P10586
Olink Target 96 Development(v.3521).29,BCAM,P50895
Olink Target 96 Development(v.3521).30,SIRPB1,O00241
Olink Target 96 Development(v.3521).31,IGF2R,P11717
Olink Target 96 Development(v.3521).32,P4HB,P07237
Olink Target 96 Development(v.3521).33,FUCA1,P04066
Olink Target 96 Development(v.3521).34,ESAM,Q96AP7
Olink Target 96 Development(v.3521).35,ENPP2,Q13822
Olink Target 96 Development(v.3521).36,BST1,Q10588
Olink Target 96 Development(v.3521).37,CST6,Q15828
Olink Target 96 Development(v.3521).38,MYOC,Q99972
Olink Target 96 Development(v.3521).39,SNAP29,O95721
Olink Target 96 Development(v.3521).40,WFIKKN2,Q8TEU8
Olink Target 96 Development(v.3521).41,CDON,Q4KMG0
Olink Target 96 Development(v.3521).42,CD177,Q8N6Q3
Olink Target 96 Development(v.3521).43,NID2,Q14112
Olink Target 96 Development(v.3521).44,DAG1,Q14118
Olink Target 96 Development(v.3521).45,CD97,P48960
Olink Target 96 Development(v.3521).46,PTPN6,P29350
Olink Target 96 Development(v.3521).47,CD109,Q6YHK3
Olink Target 96 Development(v.3521).48,VSIG4,Q9Y279
Olink Target 96 Development(v.3521).49,CRIM1,Q9NZV1
Olink Target 96 Development(v.3521).50,CGA,P01215
Olink Target 96 Development(v.3521).51,CLEC14A,Q86T13
Olink Target 96 Development(v.3521).52,CA6,P23280
Olink Target 96 Development(v.3521).53,MIF,P14174
Olink Target 96 Development(v.3521).54,CRELD2,Q6UXH1
Olink Target 96 Development(v.3521).55,ITGA5,P08648
Olink Target 96 Development(v.3521).56,PEAR1,Q5VY43
Olink Target 96 Development(v.3521).57,MESDC2,Q14696
Olink Target 96 Development(v.3521).58,CD99L2,Q8TCZ2
Olink Target 96 Development(v.3521).59,SCARF1,Q14162
Olink Target 96 Development(v.3521).60,LGMN,Q99538
Olink Target 96 Development(v.3521).61,SEMA7A,O75326
Olink Target 96 Development(v.3521).62,COLEC12,Q5KU26
Olink Target 96 Development(v.3521).63,GUSB,P08236
Olink Target 96 Development(v.3521).64,FUT3/FUT5,"Q11128,P21217"
Olink Target 96 Development(v.3521).65,STIP1,P31948
Olink Target 96 Development(v.3521).66,B4GAT1,O43505
Olink Target 96 Development(v.3521).67,CD69,Q07108
Olink Target 96 Development(v.3521).68,CRHBP,P24387
Olink Target 96 Development(v.3521).69,MSMB,P08118
Olink Target 96 Development(v.3521).70,SPINT1,O43278
Olink Target 96 Development(v.3521).71,FSTL3,O95633
Olink Target 96 Development(v.3521).72,IL13RA1,P78552
Olink Target 96 Development(v.3521).73,CD58,P19256
Olink Target 96 Development(v.3521).74,CCN5,O76076
Olink Target 96 Development(v.3521).75,NOV,P48745
Olink Target 96 Development(v.3521).76,CNTN4,Q8IWV2
Olink Target 96 Development(v.3521).77,CA2,P00918
Olink Target 96 Development(v.3521).78,XG,P55808
Olink Target 96 Development(v.3521).79,ARSA,P15289
Olink Target 96 Development(v.3521).80,PPIB,P23284
Olink Target 96 Development(v.3521).81,SPINK5,Q9NQ38
Olink Target 96 Development(v.3521).82,OMD,Q99983
Olink Target 96 Development(v.3521).83,PEBP1,P30086
Olink Target 96 Development(v.3521).84,PAMR1,Q6UXH9
Olink Target 96 Development(v.3521).85,ROBO1,Q9Y6N7
Olink Target 96 Development(v.3521).86,FCER2,P06734
Olink Target 96 Development(v.3521).87,LAMA4,Q16363
Olink Target 96 Development(v.3521).88,LAIR1,Q6GTX8
Olink Target 96 Development(v.3521).89,RELT,Q969Z4
Olink Target 96 Development(v.3521).90,TPP1,O14773
Olink Target 96 Development(v.3521).91,CD209,Q9NNX6
Olink Target 96 Immune Response(v.3204),PPP1R9B,Q96SB3
Olink Target 96 Immune Response(v.3204).1,GLB1,P16278
Olink Target 96 Immune Response(v.3204).2,PSIP1,O75475
Olink Target 96 Immune Response(v.3204).3,ZBTB16,Q05516
Olink Target 96 Immune Response(v.3204).4,IRAK4,Q9NWZ3
Olink Target 96 Immune Response(v.3204).5,TPSAB1,Q15661
Olink Target 96 Immune Response(v.3204).6,HCLS1,P14317
Olink Target 96 Immune Response(v.3204).7,CNTNAP2,Q9UHC6
Olink Target 96 Immune Response(v.3204).8,CLEC4G,Q6UXB4
Olink Target 96 Immune Response(v.3204).9,IRF9,Q00978
Olink Target 96 Immune Response(v.3204).10,EDAR,Q9UNE0
Olink Target 96 Immune Response(v.3204).11,IL6,P05231
Olink Target 96 Immune Response(v.3204).12,DGKZ,Q13574
Olink Target 96 Immune Response(v.3204).13,CLEC4C,Q8WTT0
Olink Target 96 Immune Response(v.3204).14,IRAK1,P51617
Olink Target 96 Immune Response(v.3204).15,CLEC4A,Q9UMR7
Olink Target 96 Immune Response(v.3204).16,PRDX1,Q06830
Olink Target 96 Immune Response(v.3204).17,PRDX3,P30048
Olink Target 96 Immune Response(v.3204).18,FGF2,P09038
Olink Target 96 Immune Response(v.3204).19,PRDX5,P30044
Olink Target 96 Immune Response(v.3204).20,DPP10,Q8N608
Olink Target 96 Immune Response(v.3204).21,TRIM5,Q9C035
Olink Target 96 Immune Response(v.3204).22,DCTN1,Q14203
Olink Target 96 Immune Response(v.3204).23,ITGA6,P23229
Olink Target 96 Immune Response(v.3204).24,CDSN,Q15517
Olink Target 96 Immune Response(v.3204).25,GALNT3,Q14435
Olink Target 96 Immune Response(v.3204).26,FXYD5,Q96DB9
Olink Target 96 Immune Response(v.3204).27,TRAF2,Q12933
Olink Target 96 Immune Response(v.3204).28,TRIM21,P19474
Olink Target 96 Immune Response(v.3204).29,LILRB4,Q8NHJ6
Olink Target 96 Immune Response(v.3204).30,NTF4,P34130
Olink Target 96 Immune Response(v.3204).31,KRT19,P08727
Olink Target 96 Immune Response(v.3204).32,ITM2A,O43736
Olink Target 96 Immune Response(v.3204).33,HNMT,P50135
Olink Target 96 Immune Response(v.3204).34,CCL11,P51671
Olink Target 96 Immune Response(v.3204).35,MILR1,Q7Z6M3
Olink Target 96 Immune Response(v.3204).36,EGLN1,Q9GZT9
Olink Target 96 Immune Response(v.3204).37,NFATC3,Q12968
Olink Target 96 Immune Response(v.3204).38,LY75,O60449
Olink Target 96 Immune Response(v.3204).39,EIF5A,P63241
Olink Target 96 Immune Response(v.3204).40,EIF4G1,Q04637
Olink Target 96 Immune Response(v.3204).41,CD28,P10747
Olink Target 96 Immune Response(v.3204).42,PTH1R,Q03431
Olink Target 96 Immune Response(v.3204).43,BIRC2,Q13490
Olink Target 96 Immune Response(v.3204).44,HSD11B1,P28845
Olink Target 96 Immune Response(v.3204).45,NF2,P35240
Olink Target 96 Immune Response(v.3204).46,PLXNA4,Q9HCM2
Olink Target 96 Immune Response(v.3204).47,SH2B3,Q9UQQ2
Olink Target 96 Immune Response(v.3204).48,FCRL3,Q96P31
Olink Target 96 Immune Response(v.3204).49,CKAP4,Q07065
Olink Target 96 Immune Response(v.3204).50,JUN,P05412
Olink Target 96 Immune Response(v.3204).51,HEXIM1,O94992
Olink Target 96 Immune Response(v.3204).52,CLEC4D,Q8WXI8
Olink Target 96 Immune Response(v.3204).53,PRKCQ,Q04759
Olink Target 96 Immune Response(v.3204).54,MGMT,P16455
Olink Target 96 Immune Response(v.3204).55,TREM1,Q9NP99
Olink Target 96 Immune Response(v.3204).56,CXADR,P78310
Olink Target 96 Immune Response(v.3204).57,IL10,P22301
Olink Target 96 Immune Response(v.3204).58,SRPK2,P78362
Olink Target 96 Immune Response(v.3204).59,KLRD1,Q13241
Olink Target 96 Immune Response(v.3204).60,BACH1,O14867
Olink Target 96 Immune Response(v.3204).61,PIK3AP1,Q6ZUJ8
Olink Target 96 Immune Response(v.3204).62,SPRY2,O43597
Olink Target 96 Immune Response(v.3204).63,STC1,P52823
Olink Target 96 Immune Response(v.3204).64,ARNT,P27540
Olink Target 96 Immune Response(v.3204).65,FAM3B,P58499
Olink Target 96 Immune Response(v.3204).66,SH2D1A,O60880
Olink Target 96 Immune Response(v.3204).67,ICA1,Q05084
Olink Target 96 Immune Response(v.3204).68,DFFA,O00273
Olink Target 96 Immune Response(v.3204).69,DCBLD2,Q96PD2
Olink Target 96 Immune Response(v.3204).70,FCRL6,Q6DN72
Olink Target 96 Immune Response(v.3204).71,NCR1,O76036
Olink Target 96 Immune Response(v.3204).72,CXCL12,P48061
Olink Target 96 Immune Response(v.3204).73,AREG,P15514
Olink Target 96 Immune Response(v.3204).74,IFNLR1,Q8IU57
Olink Target 96 Immune Response(v.3204).75,DAPP1,Q9UN19
Olink Target 96 Immune Response(v.3204).76,PADI2,Q9Y2J8
Olink Target 96 Immune Response(v.3204).77,SIT1,Q9Y3P8
Olink Target 96 Immune Response(v.3204).78,MASP1,P48740
Olink Target 96 Immune Response(v.3204).79,LAMP3,Q9UQV4
Olink Target 96 Immune Response(v.3204).80,CLEC7A,Q9BXN2
Olink Target 96 Immune Response(v.3204).81,CLEC6A,Q6EIG7
Olink Target 96 Immune Response(v.3204).82,DDX58,O95786
Olink Target 96 Immune Response(v.3204).83,IL12RB1,P42701
Olink Target 96 Immune Response(v.3204).84,TANK,Q92844
Olink Target 96 Immune Response(v.3204).85,ITGA11,Q9UKX5
Olink Target 96 Immune Response(v.3204).86,KPNA1,P52294
Olink Target 96 Immune Response(v.3204).87,LAG3,P18627
Olink Target 96 Immune Response(v.3204).88,IL5,P05113
Olink Target 96 Immune Response(v.3204).89,CD83,Q01151
Olink Target 96 Immune Response(v.3204).90,ITGB6,P18564
Olink Target 96 Immune Response(v.3204).91,BTN3A2,P78410
Olink Target 96 Inflammation(v.3022),IL8,P10145
Olink Target 96 Inflammation(v.3022).1,VEGFA,P15692
Olink Target 96 Inflammation(v.3022).2,CD8A,P01732
Olink Target 96 Inflammation(v.3022).3,MCP-3,P80098
Olink Target 96 Inflammation(v.3022).4,GDNF,P39905
Olink Target 96 Inflammation(v.3022).5,CDCP1,Q9H5V8
Olink Target 96 Inflammation(v.3022).6,CD244,Q9BZW8
Olink Target 96 Inflammation(v.3022).7,IL7,P13232
Olink Target 96 Inflammation(v.3022).8,OPG,O00300
Olink Target 96 Inflammation(v.3022).9,LAP TGF-beta-1,P01137
Olink Target 96 Inflammation(v.3022).10,uPA,P00749
Olink Target 96 Inflammation(v.3022).11,IL6,P05231
Olink Target 96 Inflammation(v.3022).12,IL-17C,Q9P0M4
Olink Target 96 Inflammation(v.3022).13,MCP-1,P13500
Olink Target 96 Inflammation(v.3022).14,IL-17A,Q16552
Olink Target 96 Inflammation(v.3022).15,CXCL11,O14625
Olink Target 96 Inflammation(v.3022).16,AXIN1,O15169
Olink Target 96 Inflammation(v.3022).17,TRAIL,P50591
Olink Target 96 Inflammation(v.3022).18,IL-20RA,Q9UHF4
Olink Target 96 Inflammation(v.3022).19,CXCL9,Q07325
Olink Target 96 Inflammation(v.3022).20,CST5,P28325
Olink Target 96 Inflammation(v.3022).21,IL-2RB,P14784
Olink Target 96 Inflammation(v.3022).22,IL-1 alpha,P01583
Olink Target 96 Inflammation(v.3022).23,OSM,P13725
Olink Target 96 Inflammation(v.3022).24,IL2,P60568
Olink Target 96 Inflammation(v.3022).25,CXCL1,P09341
Olink Target 96 Inflammation(v.3022).26,TSLP,Q969D9
Olink Target 96 Inflammation(v.3022).27,CCL4,P13236
Olink Target 96 Inflammation(v.3022).28,CD6,P30203
Olink Target 96 Inflammation(v.3022).29,SCF,P21583
Olink Target 96 Inflammation(v.3022).30,IL18,Q14116
Olink Target 96 Inflammation(v.3022).31,SLAMF1,Q13291
Olink Target 96 Inflammation(v.3022).32,TGF-alpha,P01135
Olink Target 96 Inflammation(v.3022).33,MCP-4,Q99616
Olink Target 96 Inflammation(v.3022).34,CCL11,P51671
Olink Target 96 Inflammation(v.3022).35,TNFSF14,O43557
Olink Target 96 Inflammation(v.3022).36,FGF-23,Q9GZV9
Olink Target 96 Inflammation(v.3022).37,IL-10RA,Q13651
Olink Target 96 Inflammation(v.3022).38,FGF-5,P12034
Olink Target 96 Inflammation(v.3022).39,MMP-1,P03956
Olink Target 96 Inflammation(v.3022).40,LIF-R,P42702
Olink Target 96 Inflammation(v.3022).41,FGF-21,Q9NSA1
Olink Target 96 Inflammation(v.3022).42,CCL19,Q99731
Olink Target 96 Inflammation(v.3022).43,IL-15RA,Q13261
Olink Target 96 Inflammation(v.3022).44,IL-10RB,Q08334
Olink Target 96 Inflammation(v.3022).45,IL-22 RA1,Q8N6P7
Olink Target 96 Inflammation(v.3022).46,IL-18R1,Q13478
Olink Target 96 Inflammation(v.3022).47,PD-L1,Q9NZQ7
Olink Target 96 Inflammation(v.3022).48,Beta-NGF,P01138
Olink Target 96 Inflammation(v.3022).49,CXCL5,P42830
Olink Target 96 Inflammation(v.3022).50,TRANCE,O14788
Olink Target 96 Inflammation(v.3022).51,HGF,P14210
Olink Target 96 Inflammation(v.3022).52,IL-12B,P29460
Olink Target 96 Inflammation(v.3022).53,IL-24,Q13007
Olink Target 96 Inflammation(v.3022).54,IL13,P35225
Olink Target 96 Inflammation(v.3022).55,ARTN,Q5T4W7
Olink Target 96 Inflammation(v.3022).56,MMP-10,P09238
Olink Target 96 Inflammation(v.3022).57,IL10,P22301
Olink Target 96 Inflammation(v.3022).58,TNF,P01375
Olink Target 96 Inflammation(v.3022).59,CCL23,P55773
Olink Target 96 Inflammation(v.3022).60,CD5,P06127
Olink Target 96 Inflammation(v.3022).61,CCL3,P10147
Olink Target 96 Inflammation(v.3022).62,Flt3L,P49771
Olink Target 96 Inflammation(v.3022).63,CXCL6,P80162
Olink Target 96 Inflammation(v.3022).64,CXCL10,P02778
Olink Target 96 Inflammation(v.3022).65,4E-BP1,Q13541
Olink Target 96 Inflammation(v.3022).66,IL-20,Q9NYY1
Olink Target 96 Inflammation(v.3022).67,SIRT2,Q8IXJ6
Olink Target 96 Inflammation(v.3022).68,CCL28,Q9NRJ3
Olink Target 96 Inflammation(v.3022).69,DNER,Q8NFT8
Olink Target 96 Inflammation(v.3022).70,EN-RAGE,P80511
Olink Target 96 Inflammation(v.3022).71,CD40,P25942
Olink Target 96 Inflammation(v.3022).72,IL33,O95760
Olink Target 96 Inflammation(v.3022).73,IFN-gamma,P01579
Olink Target 96 Inflammation(v.3022).74,FGF-19,O95750
Olink Target 96 Inflammation(v.3022).75,IL4,P05112
Olink Target 96 Inflammation(v.3022).76,LIF,P15018
Olink Target 96 Inflammation(v.3022).77,NRTN,Q99748
Olink Target 96 Inflammation(v.3022).78,MCP-2,P80075
Olink Target 96 Inflammation(v.3022).79,CASP-8,Q14790
Olink Target 96 Inflammation(v.3022).80,CCL25,O15444
Olink Target 96 Inflammation(v.3022).81,CX3CL1,P78423
Olink Target 96 Inflammation(v.3022).82,TNFRSF9,Q07011
Olink Target 96 Inflammation(v.3022).83,NT-3,P20783
Olink Target 96 Inflammation(v.3022).84,TWEAK,O43508
Olink Target 96 Inflammation(v.3022).85,CCL20,P78556
Olink Target 96 Inflammation(v.3022).86,ST1A1,P50225
Olink Target 96 Inflammation(v.3022).87,STAMBP,O95630
Olink Target 96 Inflammation(v.3022).88,IL5,P05113
Olink Target 96 Inflammation(v.3022).89,ADA,P00813
Olink Target 96 Inflammation(v.3022).90,TNFB,P01374
Olink Target 96 Inflammation(v.3022).91,CSF-1,P09603
Olink Target 96 Metabolism(v.3403),CLMP,Q9H6B4
Olink Target 96 Metabolism(v.3403).1,LRIG1,Q96JA1
Olink Target 96 Metabolism(v.3403).2,NPTXR,O95502
Olink Target 96 Metabolism(v.3403).3,AHCY,P23526
Olink Target 96 Metabolism(v.3403).4,THOP1,P52888
Olink Target 96 Metabolism(v.3403).5,CTSO,P43234
Olink Target 96 Metabolism(v.3403).6,FCRL1,Q96LA6
Olink Target 96 Metabolism(v.3403).7,CD164,Q04900
Olink Target 96 Metabolism(v.3403).8,DDC,P20711
Olink Target 96 Metabolism(v.3403).9,ACP6,Q9NPH0
Olink Target 96 Metabolism(v.3403).10,TFF2,Q03403
Olink Target 96 Metabolism(v.3403).11,S100P,P25815
Olink Target 96 Metabolism(v.3403).12,ANGPT2,O15123
Olink Target 96 Metabolism(v.3403).13,CD2AP,Q9Y5K6
Olink Target 96 Metabolism(v.3403).14,ANGPTL7,O43827
Olink Target 96 Metabolism(v.3403).15,CLEC5A,Q9NY25
Olink Target 96 Metabolism(v.3403).16,TINAGL1,Q9GZM7
Olink Target 96 Metabolism(v.3403).17,GLRX,P35754
Olink Target 96 Metabolism(v.3403).18,ENO2,P09104
Olink Target 96 Metabolism(v.3403).19,NADK,O95544
Olink Target 96 Metabolism(v.3403).20,GHRL,Q9UBU3
Olink Target 96 Metabolism(v.3403).21,SERPINB8,P50452
Olink Target 96 Metabolism(v.3403).22,SERPINB6,P35237
Olink Target 96 Metabolism(v.3403).23,CDHR5,Q9HBB8
Olink Target 96 Metabolism(v.3403).24,CCDC80,Q76M96
Olink Target 96 Metabolism(v.3403).25,DIABLO,Q9NR28
Olink Target 96 Metabolism(v.3403).26,CA13,Q8N1Q1
Olink Target 96 Metabolism(v.3403).27,SEMA3F,Q13275
Olink Target 96 Metabolism(v.3403).28,KLK10,O43240
Olink Target 96 Metabolism(v.3403).29,PILRB,Q9UKJ0
Olink Target 96 Metabolism(v.3403).30,ANGPTL1,O95841
Olink Target 96 Metabolism(v.3403).31,APLP1,P51693
Olink Target 96 Metabolism(v.3403).32,ADGRG2,Q8IZP9
Olink Target 96 Metabolism(v.3403).33,TYMP,P19971
Olink Target 96 Metabolism(v.3403).34,GRAP2,O75791
Olink Target 96 Metabolism(v.3403).35,LILRA5,A6NI73
Olink Target 96 Metabolism(v.3403).36,ALDH1A1,P00352
Olink Target 96 Metabolism(v.3403).37,CD79B,P40259
Olink Target 96 Metabolism(v.3403).38,ANXA4,P09525
Olink Target 96 Metabolism(v.3403).39,ANXA11,P50995
Olink Target 96 Metabolism(v.3403).40,SIGLEC7,Q9Y286
Olink Target 96 Metabolism(v.3403).41,ITGB7,P26010
Olink Target 96 Metabolism(v.3403).42,QDPR,P09417
Olink Target 96 Metabolism(v.3403).43,SNAP23,O00161
Olink Target 96 Metabolism(v.3403).44,APEX1,P27695
Olink Target 96 Metabolism(v.3403).45,ENTPD5,O75356
Olink Target 96 Metabolism(v.3403).46,CLSTN2,Q9H4D0
Olink Target 96 Metabolism(v.3403).47,COMT,P21964
Olink Target 96 Metabolism(v.3403).48,CLUL1,Q15846
Olink Target 96 Metabolism(v.3403).49,HDGF,P51858
Olink Target 96 Metabolism(v.3403).50,CHRDL2,Q6WN34
Olink Target 96 Metabolism(v.3403).51,CTSH,P09668
Olink Target 96 Metabolism(v.3403).52,NOMO1,Q15155
Olink Target 96 Metabolism(v.3403).53,NQO2,P16083
Olink Target 96 Metabolism(v.3403).54,SOST,Q9BQB4
Olink Target 96 Metabolism(v.3403).55,FAM3C,Q92520
Olink Target 96 Metabolism(v.3403).56,TXNDC5,Q8NBS9
Olink Target 96 Metabolism(v.3403).57,PPP1R2,P41236
Olink Target 96 Metabolism(v.3403).58,DPP7,Q9UHL4
Olink Target 96 Metabolism(v.3403).59,LRP11,Q86VZ4
Olink Target 96 Metabolism(v.3403).60,ADGRE2,Q9UHX3
Olink Target 96 Metabolism(v.3403).61,ENPP7,Q6UWV6
Olink Target 96 Metabolism(v.3403).62,SSC4D,Q8WTU2
Olink Target 96 Metabolism(v.3403).63,MCFD2,Q8NI22
Olink Target 96 Metabolism(v.3403).64,REG4,Q9BYZ8
Olink Target 96 Metabolism(v.3403).65,SUMF2,Q8NBJ7
Olink Target 96 Metabolism(v.3403).66,CANT1,Q8WVQ1
Olink Target 96 Metabolism(v.3403).67,CD1C,P29017
Olink Target 96 Metabolism(v.3403).68,GAL,P22466
Olink Target 96 Metabolism(v.3403).69,CDH2,P19022
Olink Target 96 Metabolism(v.3403).70,TYRO3,Q06418
Olink Target 96 Metabolism(v.3403).71,CRKL,P46109
Olink Target 96 Metabolism(v.3403).72,IGFBPL1,Q8WX77
Olink Target 96 Metabolism(v.3403).73,RTN4R,Q9BZR6
Olink Target 96 Metabolism(v.3403).74,VCAN,P13611
Olink Target 96 Metabolism(v.3403).75,FBP1,P09467
Olink Target 96 Metabolism(v.3403).76,TSHB,P01222
Olink Target 96 Metabolism(v.3403).77,BAG6,P46379
Olink Target 96 Metabolism(v.3403).78,NECTIN2,Q92692
Olink Target 96 Metabolism(v.3403).79,ARG1,P05089
Olink Target 96 Metabolism(v.3403).80,USP8,P40818
Olink Target 96 Metabolism(v.3403).81,FKBP4,Q02790
Olink Target 96 Metabolism(v.3403).82,SDC4,P31431
Olink Target 96 Metabolism(v.3403).83,PAG1,Q9NWQ8
Olink Target 96 Metabolism(v.3403).84,KYAT1,Q16773
Olink Target 96 Metabolism(v.3403).85,DAB2,P98082
Olink Target 96 Metabolism(v.3403).86,NPDC1,Q9NQX5
Olink Target 96 Metabolism(v.3403).87,METRNL,Q641Q3
Olink Target 96 Metabolism(v.3403).88,MEP1B,Q16820
Olink Target 96 Metabolism(v.3403).89,ROR1,Q01973
Olink Target 96 Metabolism(v.3403).90,NT-proBNP,
Olink Target 96 Metabolism(v.3403).91,RNASE3,P12724
Olink Target 96 Neuro Exploratory(v.3911),IFNL1,Q8IU54
Olink Target 96 Neuro Exploratory(v.3911).1,EIF4B,P23588
Olink Target 96 Neuro Exploratory(v.3911).2,CRADD,P78560
Olink Target 96 Neuro Exploratory(v.3911).3,TDGF1,P13385
Olink Target 96 Neuro Exploratory(v.3911).4,ECE1,P42892
Olink Target 96 Neuro Exploratory(v.3911).5,CETN2,P41208
Olink Target 96 Neuro Exploratory(v.3911).6,CDH15,P55291
Olink Target 96 Neuro Exploratory(v.3911).7,SMOC1,Q9H4F8
Olink Target 96 Neuro Exploratory(v.3911).8,ADGRB3,O60242
Olink Target 96 Neuro Exploratory(v.3911).9,KLB,Q86Z14
Olink Target 96 Neuro Exploratory(v.3911).10,CDH17,Q12864
Olink Target 96 Neuro Exploratory(v.3911).11,GPNMB,Q14956
Olink Target 96 Neuro Exploratory(v.3911).12,BST2,Q10589
Olink Target 96 Neuro Exploratory(v.3911).13,PTPN1,P18031
Olink Target 96 Neuro Exploratory(v.3911).14,SRP14,P37108
Olink Target 96 Neuro Exploratory(v.3911).15,ATP6V1F,Q16864
Olink Target 96 Neuro Exploratory(v.3911).16,RBKS,Q9H477
Olink Target 96 Neuro Exploratory(v.3911).17,FKBP7,Q9Y680
Olink Target 96 Neuro Exploratory(v.3911).18,ANXA10,Q9UJ72
Olink Target 96 Neuro Exploratory(v.3911).19,GSTP1,P09211
Olink Target 96 Neuro Exploratory(v.3911).20,KIR2DL3,P43628
Olink Target 96 Neuro Exploratory(v.3911).21,RPS6KB1,P23443
Olink Target 96 Neuro Exploratory(v.3911).22,EREG,O14944
Olink Target 96 Neuro Exploratory(v.3911).23,CD302,Q8IX05
Olink Target 96 Neuro Exploratory(v.3911).24,IMPA1,P29218
Olink Target 96 Neuro Exploratory(v.3911).25,CRIP2,P52943
Olink Target 96 Neuro Exploratory(v.3911).26,LTBP3,Q9NS15
Olink Target 96 Neuro Exploratory(v.3911).27,CTF1,Q16619
Olink Target 96 Neuro Exploratory(v.3911).28,FHIT,P49789
Olink Target 96 Neuro Exploratory(v.3911).29,CLSTN1,O94985
Olink Target 96 Neuro Exploratory(v.3911).30,HSP90B1,P14625
Olink Target 96 Neuro Exploratory(v.3911).31,LEPR,P48357
Olink Target 96 Neuro Exploratory(v.3911).32,CD33,P20138
Olink Target 96 Neuro Exploratory(v.3911).33,ADAM15,Q13444
Olink Target 96 Neuro Exploratory(v.3911).34,NDRG1,Q92597
Olink Target 96 Neuro Exploratory(v.3911).35,CEACAM3,P40198
Olink Target 96 Neuro Exploratory(v.3911).36,GBP2,P32456
Olink Target 96 Neuro Exploratory(v.3911).37,FGFR2,P21802
Olink Target 96 Neuro Exploratory(v.3911).38,NXPH1,P58417
Olink Target 96 Neuro Exploratory(v.3911).39,NAA10,P41227
Olink Target 96 Neuro Exploratory(v.3911).40,IL15,P40933
Olink Target 96 Neuro Exploratory(v.3911).41,DSG3,P32926
Olink Target 96 Neuro Exploratory(v.3911).42,SFRP1,Q8N474
Olink Target 96 Neuro Exploratory(v.3911).43,IFI30,P13284
Olink Target 96 Neuro Exploratory(v.3911).44,FCAR,P24071
Olink Target 96 Neuro Exploratory(v.3911).45,PRTFDC1,Q9NRG1
Olink Target 96 Neuro Exploratory(v.3911).46,PLA2G10,O15496
Olink Target 96 Neuro Exploratory(v.3911).47,IKZF2,Q9UKS7
Olink Target 96 Neuro Exploratory(v.3911).48,UBE2F,Q969M7
Olink Target 96 Neuro Exploratory(v.3911).49,DPEP2,Q9H4A9
Olink Target 96 Neuro Exploratory(v.3911).50,TBCB,Q99426
Olink Target 96 Neuro Exploratory(v.3911).51,NPM1,P06748
Olink Target 96 Neuro Exploratory(v.3911).52,ASGR1,P07306
Olink Target 96 Neuro Exploratory(v.3911).53,EPHA10,Q5JZY3
Olink Target 96 Neuro Exploratory(v.3911).54,COL4A3BP,Q9Y5P4
Olink Target 96 Neuro Exploratory(v.3911).55,PSG1,P11464
Olink Target 96 Neuro Exploratory(v.3911).56,PSME1,Q06323
Olink Target 96 Neuro Exploratory(v.3911).57,KIRREL2,Q6UWL6
Olink Target 96 Neuro Exploratory(v.3911).58,PAEP,P09466
Olink Target 96 Neuro Exploratory(v.3911).59,CCL27,Q9Y4X3
Olink Target 96 Neuro Exploratory(v.3911).60,MAD1L1,Q9Y6D9
Olink Target 96 Neuro Exploratory(v.3911).61,AKT1S1,Q96B36
Olink Target 96 Neuro Exploratory(v.3911).62,PTS,Q03393
Olink Target 96 Neuro Exploratory(v.3911).63,IL32,P24001
Olink Target 96 Neuro Exploratory(v.3911).64,FUT8,Q9BYC5
Olink Target 96 Neuro Exploratory(v.3911).65,TPPP3,Q9BW30
Olink Target 96 Neuro Exploratory(v.3911).66,PFDN2,Q9UHV9
Olink Target 96 Neuro Exploratory(v.3911).67,CARHSP1,Q9Y2V2
Olink Target 96 Neuro Exploratory(v.3911).68,VSTM1,Q6UX27
Olink Target 96 Neuro Exploratory(v.3911).69,DEFB4A,O15263
Olink Target 96 Neuro Exploratory(v.3911).70,ABHD14B,Q96IU4
Olink Target 96 Neuro Exploratory(v.3911).71,AARSD1,Q9BTE6
Olink Target 96 Neuro Exploratory(v.3911).72,PHOSPHO1,Q8TCT1
Olink Target 96 Neuro Exploratory(v.3911).73,DUSP3,P51452
Olink Target 96 Neuro Exploratory(v.3911).74,TNFRSF13C,Q96RJ3
Olink Target 96 Neuro Exploratory(v.3911).75,NEFL,P07196
Olink Target 96 Neuro Exploratory(v.3911).76,HMOX2,P30519
Olink Target 96 Neuro Exploratory(v.3911).77,RNF31,Q96EP0
Olink Target 96 Neuro Exploratory(v.3911).78,DPEP1,P16444
Olink Target 96 Neuro Exploratory(v.3911).79,SNCG,O76070
Olink Target 96 Neuro Exploratory(v.3911).80,IL3RA,P26951
Olink Target 96 Neuro Exploratory(v.3911).81,AOC1,P19801
Olink Target 96 Neuro Exploratory(v.3911).82,KIF1BP,Q96EK5
Olink Target 96 Neuro Exploratory(v.3911).83,PPP3R1,P63098
Olink Target 96 Neuro Exploratory(v.3911).84,ILKAP,Q9H0C8
Olink Target 96 Neuro Exploratory(v.3911).85,ISLR2,Q6UXK2
Olink Target 96 Neuro Exploratory(v.3911).86,ING1,Q9UK53
Olink Target 96 Neuro Exploratory(v.3911).87,PMVK,Q15126
Olink Target 96 Neuro Exploratory(v.3911).88,WWP2,O00308
Olink Target 96 Neuro Exploratory(v.3911).89,FKBP5,Q13451
Olink Target 96 Neuro Exploratory(v.3911).90,GGT5,P36269
Olink Target 96 Neuro Exploratory(v.3911).91,CD63,P08962
Olink Target 96 Neurology(v.8013),NMNAT1,Q9HAN9
Olink Target 96 Neurology(v.8013).1,NRP2,O60462
Olink Target 96 Neurology(v.8013).2,MAPT,P10636
Olink Target 96 Neurology(v.8013).3,CADM3,Q8N126
Olink Target 96 Neurology(v.8013).4,GDNF,P39905
Olink Target 96 Neurology(v.8013).5,UNC5C,O95185
Olink Target 96 Neurology(v.8013).6,VWC2,Q2TAL6
Olink Target 96 Neurology(v.8013).7,Siglec-9,Q9Y336
Olink Target 96 Neurology(v.8013).8,CLM-6,Q08708
Olink Target 96 Neurology(v.8013).9,EZR,P15311
Olink Target 96 Neurology(v.8013).10,SMOC2,Q9H3U7
Olink Target 96 Neurology(v.8013).11,NBL1,P41271
Olink Target 96 Neurology(v.8013).12,EFNA4,P52798
Olink Target 96 Neurology(v.8013).13,SCARB2,Q14108
Olink Target 96 Neurology(v.8013).14,NCAN,O14594
Olink Target 96 Neurology(v.8013).15,PRTG,Q2VWP7
Olink Target 96 Neurology(v.8013).16,ROBO2,Q9HCK4
Olink Target 96 Neurology(v.8013).17,CRTAM,O95727
Olink Target 96 Neurology(v.8013).18,RGMA,Q96B86
Olink Target 96 Neurology(v.8013).19,PLXNB3,Q9ULL4
Olink Target 96 Neurology(v.8013).20,CPA2,P48052
Olink Target 96 Neurology(v.8013).21,CD38,P28907
Olink Target 96 Neurology(v.8013).22,SMPD1,P17405
Olink Target 96 Neurology(v.8013).23,MSR1,P21757
Olink Target 96 Neurology(v.8013).24,Alpha-2-MRAP,P30533
Olink Target 96 Neurology(v.8013).25,sFRP-3,Q92765
Olink Target 96 Neurology(v.8013).26,EPHB6,O15197
Olink Target 96 Neurology(v.8013).27,RGMB,Q6NW40
Olink Target 96 Neurology(v.8013).28,SIGLEC1,Q9BZZ2
Olink Target 96 Neurology(v.8013).29,CNTN5,O94779
Olink Target 96 Neurology(v.8013).30,ADAM 22,Q9P0K1
Olink Target 96 Neurology(v.8013).31,CLEC1B,Q9P126
Olink Target 96 Neurology(v.8013).32,ADAM 23,O75077
Olink Target 96 Neurology(v.8013).33,MATN3,O15232
Olink Target 96 Neurology(v.8013).34,RSPO1,Q2MKA7
Olink Target 96 Neurology(v.8013).35,HAGH,Q16775
Olink Target 96 Neurology(v.8013).36,LXN,Q9BS40
Olink Target 96 Neurology(v.8013).37,gal-8,O00214
Olink Target 96 Neurology(v.8013).38,BCAN,Q96GW7
Olink Target 96 Neurology(v.8013).39,LAYN,Q6UX15
Olink Target 96 Neurology(v.8013).40,NEP,P08473
Olink Target 96 Neurology(v.8013).41,GDF-8,O14793
Olink Target 96 Neurology(v.8013).42,THY 1,P04216
Olink Target 96 Neurology(v.8013).43,WFIKKN1,Q96NZ8
Olink Target 96 Neurology(v.8013).44,TMPRSS5,Q9H3S3
Olink Target 96 Neurology(v.8013).45,CDH3,P22223
Olink Target 96 Neurology(v.8013).46,GFR-alpha-1,P56159
Olink Target 96 Neurology(v.8013).47,GM-CSF-R-alpha,P15509
Olink Target 96 Neurology(v.8013).48,Beta-NGF,P01138
Olink Target 96 Neurology(v.8013).49,SCARA5,Q6ZMJ2
Olink Target 96 Neurology(v.8013).50,CD200,P41217
Olink Target 96 Neurology(v.8013).51,NTRK2,Q16620
Olink Target 96 Neurology(v.8013).52,GZMA,P12544
Olink Target 96 Neurology(v.8013).53,G-CSF,P09919
Olink Target 96 Neurology(v.8013).54,DRAXIN,Q8NBI3
Olink Target 96 Neurology(v.8013).55,SCARF2,Q96GP6
Olink Target 96 Neurology(v.8013).56,GDNFR-alpha-3,O60609
Olink Target 96 Neurology(v.8013).57,PVR,P15151
Olink Target 96 Neurology(v.8013).58,TNFRSF12A,Q9NP84
Olink Target 96 Neurology(v.8013).59,SKR3,P37023
Olink Target 96 Neurology(v.8013).60,FLRT2,O43155
Olink Target 96 Neurology(v.8013).61,CPM,P14384
Olink Target 96 Neurology(v.8013).62,CLEC10A,Q8IUN9
Olink Target 96 Neurology(v.8013).63,GCP5,P78333
Olink Target 96 Neurology(v.8013).64,BMP-4,P12644
Olink Target 96 Neurology(v.8013).65,FcRL2,Q96LA5
Olink Target 96 Neurology(v.8013).66,MDGA1,Q8NFP4
Olink Target 96 Neurology(v.8013).67,IL-5R-alpha,Q01344
Olink Target 96 Neurology(v.8013).68,PDGF-R-alpha,P16234
Olink Target 96 Neurology(v.8013).69,CTSC,P53634
Olink Target 96 Neurology(v.8013).70,CDH6,P55285
Olink Target 96 Neurology(v.8013).71,DDR1,Q08345
Olink Target 96 Neurology(v.8013).72,JAM-B,P57087
Olink Target 96 Neurology(v.8013).73,CTSS,P25774
Olink Target 96 Neurology(v.8013).74,N-CDase,Q9NR71
Olink Target 96 Neurology(v.8013).75,NAAA,Q02083
Olink Target 96 Neurology(v.8013).76,N2DL-2,Q9BZM5
Olink Target 96 Neurology(v.8013).77,PLXNB1,O43157
Olink Target 96 Neurology(v.8013).78,TNFRSF21,O75509
Olink Target 96 Neurology(v.8013).79,CLM-1,Q8TDQ1
Olink Target 96 Neurology(v.8013).80,SPOCK1,Q08629
Olink Target 96 Neurology(v.8013).81,IL12,"P29460,P29459"
Olink Target 96 Neurology(v.8013).82,Dkk-4,Q9UBT3
Olink Target 96 Neurology(v.8013).83,EDA2R,Q9HAV5
Olink Target 96 Neurology(v.8013).84,LAT,O43561
Olink Target 96 Neurology(v.8013).85,NTRK3,Q16288
Olink Target 96 Neurology(v.8013).86,LAIR-2,Q6ISS4
Olink Target 96 Neurology(v.8013).87,MANF,P55145
Olink Target 96 Neurology(v.8013).88,TN-R,Q92752
Olink Target 96 Neurology(v.8013).89,CD200R1,Q8TD46
Olink Target 96 Neurology(v.8013).90,Nr-CAM,Q92823
Olink Target 96 Neurology(v.8013).91,KYNU,Q16719
Olink Target 96 Oncology II(v.7005),TXLNA,P40222
Olink Target 96 Oncology II(v.7005).1,VEGFA,P15692
Olink Target 96 Oncology II(v.7005).2,CPE,P16870
Olink Target 96 Oncology II(v.7005).3,KLK13,Q9UKR3
Olink Target 96 Oncology II(v.7005).4,CEACAM1,P13688
Olink Target 96 Oncology II(v.7005).5,MSLN,Q13421
Olink Target 96 Oncology II(v.7005).6,TNFSF13,O75888
Olink Target 96 Oncology II(v.7005).7,EGF,P01133
Olink Target 96 Oncology II(v.7005).8,TNFRSF6B,O95407
Olink Target 96 Oncology II(v.7005).9,SYND1,P18827
Olink Target 96 Oncology II(v.7005).10,TGFR-2,P37173
Olink Target 96 Oncology II(v.7005).11,IL6,P05231
Olink Target 96 Oncology II(v.7005).12,CD48,P09326
Olink Target 96 Oncology II(v.7005).13,SCAMP3,O14828
Olink Target 96 Oncology II(v.7005).14,LY9,Q9HBG7
Olink Target 96 Oncology II(v.7005).15,IFN-gamma-R1,P15260
Olink Target 96 Oncology II(v.7005).16,ITGAV,P06756
Olink Target 96 Oncology II(v.7005).17,TRAIL,P50591
Olink Target 96 Oncology II(v.7005).18,hK11,Q9UBX7
Olink Target 96 Oncology II(v.7005).19,GPC1,P35052
Olink Target 96 Oncology II(v.7005).20,TFPI-2,P48307
Olink Target 96 Oncology II(v.7005).21,hK8,O60259
Olink Target 96 Oncology II(v.7005).22,VEGFR-2,P35968
Olink Target 96 Oncology II(v.7005).23,LYPD3,O95274
Olink Target 96 Oncology II(v.7005).24,PODXL,O00592
Olink Target 96 Oncology II(v.7005).25,S100A4,P26447
Olink Target 96 Oncology II(v.7005).26,IGF1R,P08069
Olink Target 96 Oncology II(v.7005).27,ERBB2,P04626
Olink Target 96 Oncology II(v.7005).28,ERBB3,P21860
Olink Target 96 Oncology II(v.7005).29,SCF,P21583
Olink Target 96 Oncology II(v.7005).30,SPARC,P09486
Olink Target 96 Oncology II(v.7005).31,GZMH,P20718
Olink Target 96 Oncology II(v.7005).32,TGF-alpha,P01135
Olink Target 96 Oncology II(v.7005).33,FURIN,P09958
Olink Target 96 Oncology II(v.7005).34,CYR61,O00622
Olink Target 96 Oncology II(v.7005).35,hK14,Q9P0G3
Olink Target 96 Oncology II(v.7005).36,FADD,Q13158
Olink Target 96 Oncology II(v.7005).37,MetAP 2,P50579
Olink Target 96 Oncology II(v.7005).38,PVRL4,Q96NY8
Olink Target 96 Oncology II(v.7005).39,FASLG,P48023
Olink Target 96 Oncology II(v.7005).40,EPHA2,P29317
Olink Target 96 Oncology II(v.7005).41,ITGB5,P18084
Olink Target 96 Oncology II(v.7005).42,Gal-1,P09382
Olink Target 96 Oncology II(v.7005).43,SEZ6L,Q9BYH1
Olink Target 96 Oncology II(v.7005).44,GPNMB,Q14956
Olink Target 96 Oncology II(v.7005).45,CAIX,Q16790
Olink Target 96 Oncology II(v.7005).46,MIA,Q16674
Olink Target 96 Oncology II(v.7005).47,CTSV,O60911
Olink Target 96 Oncology II(v.7005).48,CD27,P26842
Olink Target 96 Oncology II(v.7005).49,XPNPEP2,O43895
Olink Target 96 Oncology II(v.7005).50,ERBB4,Q15303
Olink Target 96 Oncology II(v.7005).51,HGF,P14210
Olink Target 96 Oncology II(v.7005).52,ADAM 8,P78325
Olink Target 96 Oncology II(v.7005).53,5'-NT,P21589
Olink Target 96 Oncology II(v.7005).54,CDKN1A,P38936
Olink Target 96 Oncology II(v.7005).55,DLL1,O00548
Olink Target 96 Oncology II(v.7005).56,MK,P21741
Olink Target 96 Oncology II(v.7005).57,ABL1,P00519
Olink Target 96 Oncology II(v.7005).58,FGF-BP1,Q14512
Olink Target 96 Oncology II(v.7005).59,TLR3,O15455
Olink Target 96 Oncology II(v.7005).60,LYN,P07948
Olink Target 96 Oncology II(v.7005).61,RET,P07949
Olink Target 96 Oncology II(v.7005).62,VIM,P08670
Olink Target 96 Oncology II(v.7005).63,TNFRSF19,Q9NS68
Olink Target 96 Oncology II(v.7005).64,CRNN,Q9UBG3
Olink Target 96 Oncology II(v.7005).65,TCL1A,P56279
Olink Target 96 Oncology II(v.7005).66,CD160,O95971
Olink Target 96 Oncology II(v.7005).67,TNFRSF4,P43489
Olink Target 96 Oncology II(v.7005).68,MIC-A/B,"Q29983,Q29980"
Olink Target 96 Oncology II(v.7005).69,WISP-1,O95388
Olink Target 96 Oncology II(v.7005).70,CXL17,Q6UXB2
Olink Target 96 Oncology II(v.7005).71,PPY,P01298
Olink Target 96 Oncology II(v.7005).72,S100A11,P31949
Olink Target 96 Oncology II(v.7005).73,AREG,P15514
Olink Target 96 Oncology II(v.7005).74,ESM-1,Q9NQ30
Olink Target 96 Oncology II(v.7005).75,CD207,Q9UJ71
Olink Target 96 Oncology II(v.7005).76,ICOSLG,O75144
Olink Target 96 Oncology II(v.7005).77,WFDC2,Q14508
Olink Target 96 Oncology II(v.7005).78,CXCL13,O43927
Olink Target 96 Oncology II(v.7005).79,MAD homolog 5,Q99717
Olink Target 96 Oncology II(v.7005).80,ADAM-TS 15,Q8TE58
Olink Target 96 Oncology II(v.7005).81,CD70,P32970
Olink Target 96 Oncology II(v.7005).82,RSPO3,Q9BXY4
Olink Target 96 Oncology II(v.7005).83,FR-gamma,P41439
Olink Target 96 Oncology II(v.7005).84,CEACAM5,P06731
Olink Target 96 Oncology II(v.7005).85,VEGFR-3,P35916
Olink Target 96 Oncology II(v.7005).86,MUC-16,Q8WXI7
Olink Target 96 Oncology II(v.7005).87,WIF-1,Q9Y5W5
Olink Target 96 Oncology II(v.7005).88,GZMB,P10144
Olink Target 96 Oncology II(v.7005).89,FCRLB,Q6BAA4
Olink Target 96 Oncology II(v.7005).90,ANXA1,P04083
Olink Target 96 Oncology II(v.7005).91,FR-alpha,P15328
Olink Target 96 Oncology III(v.4002),CD22,P20273
Olink Target 96 Oncology III(v.4002).1,INPP1,P49441
Olink Target 96 Oncology III(v.4002).2,ALPP,P05187
Olink Target 96 Oncology III(v.4002).3,CGB3,P0DN86
Olink Target 96 Oncology III(v.4002).4,TBL1X,O60907
Olink Target 96 Oncology III(v.4002).5,NAMPT,P43490
Olink Target 96 Oncology III(v.4002).6,IL17F,Q96PD4
Olink Target 96 Oncology III(v.4002).7,VMO1,Q7Z5L0
Olink Target 96 Oncology III(v.4002).8,TPMT,P51580
Olink Target 96 Oncology III(v.4002).9,IFNGR2,P38484
Olink Target 96 Oncology III(v.4002).10,KLK4,Q9Y5K2
Olink Target 96 Oncology III(v.4002).11,ERP44,Q9BS26
Olink Target 96 Oncology III(v.4002).12,CBLN4,Q9NTU7
Olink Target 96 Oncology III(v.4002).13,ACAA1,P09110
Olink Target 96 Oncology III(v.4002).14,NT5C3A,Q9H0P0
Olink Target 96 Oncology III(v.4002).15,GAMT,Q14353
Olink Target 96 Oncology III(v.4002).16,HEXA,P06865
Olink Target 96 Oncology III(v.4002).17,S100A16,Q96FQ6
Olink Target 96 Oncology III(v.4002).18,PSPN,O60542
Olink Target 96 Oncology III(v.4002).19,DCTPP1,Q9H773
Olink Target 96 Oncology III(v.4002).20,MANSC1,Q9H8J5
Olink Target 96 Oncology III(v.4002).21,GFER,P55789
Olink Target 96 Oncology III(v.4002).22,RP2,O75695
Olink Target 96 Oncology III(v.4002).23,JCHAIN,P01591
Olink Target 96 Oncology III(v.4002).24,RAB6A,P20340
Olink Target 96 Oncology III(v.4002).25,C1QA,P02745
Olink Target 96 Oncology III(v.4002).26,AKR1B1,P15121
Olink Target 96 Oncology III(v.4002).27,SCG2,P13521
Olink Target 96 Oncology III(v.4002).28,RFNG,Q9Y644
Olink Target 96 Oncology III(v.4002).29,MLN,P12872
Olink Target 96 Oncology III(v.4002).30,TNFAIP8,O95379
Olink Target 96 Oncology III(v.4002).31,AIF1,P55008
Olink Target 96 Oncology III(v.4002).32,ARHGAP25,P42331
Olink Target 96 Oncology III(v.4002).33,IL1B,P01584
Olink Target 96 Oncology III(v.4002).34,CCT5,P48643
Olink Target 96 Oncology III(v.4002).35,CASP2,P42575
Olink Target 96 Oncology III(v.4002).36,ELOA,Q14241
Olink Target 96 Oncology III(v.4002).37,NCS1,P62166
Olink Target 96 Oncology III(v.4002).38,LSP1,P33241
Olink Target 96 Oncology III(v.4002).39,AFP,P02771
Olink Target 96 Oncology III(v.4002).40,GOPC,Q9HD26
Olink Target 96 Oncology III(v.4002).41,USO1,O60763
Olink Target 96 Oncology III(v.4002).42,CNPY2,Q9Y2B0
Olink Target 96 Oncology III(v.4002).43,SEPT9,Q9UHD8
Olink Target 96 Oncology III(v.4002).44,AIMP1,Q12904
Olink Target 96 Oncology III(v.4002).45,SCGN,O76038
Olink Target 96 Oncology III(v.4002).46,CDC27,P30260
Olink Target 96 Oncology III(v.4002).47,TXNDC15,Q96J42
Olink Target 96 Oncology III(v.4002).48,ICAM5,Q9UMF0
Olink Target 96 Oncology III(v.4002).49,FUS,P35637
Olink Target 96 Oncology III(v.4002).50,PTP4A1,Q93096
Olink Target 96 Oncology III(v.4002).51,FOXO3,O43524
Olink Target 96 Oncology III(v.4002).52,VWA1,Q6PCB0
Olink Target 96 Oncology III(v.4002).53,FLT3,P36888
Olink Target 96 Oncology III(v.4002).54,COL9A1,P20849
Olink Target 96 Oncology III(v.4002).55,BRK1,Q8WUW1
Olink Target 96 Oncology III(v.4002).56,NELL1,Q92832
Olink Target 96 Oncology III(v.4002).57,SFTPA1,Q8IWL2
Olink Target 96 Oncology III(v.4002).58,VPS37A,Q8NEZ2
Olink Target 96 Oncology III(v.4002).59,DRG2,P55039
Olink Target 96 Oncology III(v.4002).60,HMBS,P08397
Olink Target 96 Oncology III(v.4002).61,CLIP2,Q9UDT6
Olink Target 96 Oncology III(v.4002).62,CXCL14,O95715
Olink Target 96 Oncology III(v.4002).63,HSPB6,O14558
Olink Target 96 Oncology III(v.4002).64,ATP6V1D,Q9Y5K8
Olink Target 96 Oncology III(v.4002).65,LAP3,P28838
Olink Target 96 Oncology III(v.4002).66,LACTB2,Q53H82
Olink Target 96 Oncology III(v.4002).67,HBQ1,P09105
Olink Target 96 Oncology III(v.4002).68,SCLY,Q96I15
Olink Target 96 Oncology III(v.4002).69,MYO9B,Q13459
Olink Target 96 Oncology III(v.4002).70,CD300E,Q496F6
Olink Target 96 Oncology III(v.4002).71,SPINK4,O60575
Olink Target 96 Oncology III(v.4002).72,YTHDF3,Q7Z739
Olink Target 96 Oncology III(v.4002).73,CDHR2,Q9BYE9
Olink Target 96 Oncology III(v.4002).74,CPVL,Q9H3G5
Olink Target 96 Oncology III(v.4002).75,ICAM4,Q14773
Olink Target 96 Oncology III(v.4002).76,PSMD9,O00233
Olink Target 96 Oncology III(v.4002).77,ACTN4,O43707
Olink Target 96 Oncology III(v.4002).78,VPS53,Q5VIR6
Olink Target 96 Oncology III(v.4002).79,CALCOCO1,Q9P1Z2
Olink Target 96 Oncology III(v.4002).80,UBAC1,Q9BSL1
Olink Target 96 Oncology III(v.4002).81,GGA1,Q9UJY5
Olink Target 96 Oncology III(v.4002).82,PTPRM,P28827
Olink Target 96 Oncology III(v.4002).83,GALNT7,Q86SF2
Olink Target 96 Oncology III(v.4002).84,FLT1,P17948
Olink Target 96 Oncology III(v.4002).85,VAT1,Q99536
Olink Target 96 Oncology III(v.4002).86,TPT1,P13693
Olink Target 96 Oncology III(v.4002).87,L1CAM,P32004
Olink Target 96 Oncology III(v.4002).88,GPA33,Q99795
Olink Target 96 Oncology III(v.4002).89,HLA-E,P13747
Olink Target 96 Oncology III(v.4002).90,PCDH1,Q08174
Olink Target 96 Oncology III(v.4002).91,NPY,P01303
Olink Target 96 Organ Damage(v.3311),CLSPN,Q9HAW4
Olink Target 96 Organ Damage(v.3311).1,DSG4,Q86SJ6
Olink Target 96 Organ Damage(v.3311).2,LRP1,Q07954
Olink Target 96 Organ Damage(v.3311).3,CLEC1A,Q8NC01
Olink Target 96 Organ Damage(v.3311).4,PXN,P49023
Olink Target 96 Organ Damage(v.3311).5,SMAD1,Q15797
Olink Target 96 Organ Damage(v.3311).6,ALDH3A1,P30838
Olink Target 96 Organ Damage(v.3311).7,CSNK1D,P48730
Olink Target 96 Organ Damage(v.3311).8,TOP2B,Q02880
Olink Target 96 Organ Damage(v.3311).9,AMN,Q9BXJ7
Olink Target 96 Organ Damage(v.3311).10,PGF,P49763
Olink Target 96 Organ Damage(v.3311).11,MVK,Q03426
Olink Target 96 Organ Damage(v.3311).12,ADGRG1,Q9Y653
Olink Target 96 Organ Damage(v.3311).13,TIGAR,Q9NQ88
Olink Target 96 Organ Damage(v.3311).14,ENAH,Q8N8S7
Olink Target 96 Organ Damage(v.3311).15,EPO,P01588
Olink Target 96 Organ Damage(v.3311).16,PDGFC,Q9NRA1
Olink Target 96 Organ Damage(v.3311).17,AGR2,O95994
Olink Target 96 Organ Damage(v.3311).18,PRKAB1,Q9Y478
Olink Target 96 Organ Damage(v.3311).19,DPP6,P42658
Olink Target 96 Organ Damage(v.3311).20,AIFM1,O95831
Olink Target 96 Organ Damage(v.3311).21,BAMBI,Q13145
Olink Target 96 Organ Damage(v.3311).22,CAPG,P40121
Olink Target 96 Organ Damage(v.3311).23,BID,P55957
Olink Target 96 Organ Damage(v.3311).24,NUCB2,P80303
Olink Target 96 Organ Damage(v.3311).25,NOS3,P29474
Olink Target 96 Organ Damage(v.3311).26,TNNI3,P19429
Olink Target 96 Organ Damage(v.3311).27,CES2,O00748
Olink Target 96 Organ Damage(v.3311).28,INPPL1,O15357
Olink Target 96 Organ Damage(v.3311).29,SIRT5,Q9NXA8
Olink Target 96 Organ Damage(v.3311).30,ST3GAL1,Q11201
Olink Target 96 Organ Damage(v.3311).31,FES,P07332
Olink Target 96 Organ Damage(v.3311).32,KIR3DL1,P43629
Olink Target 96 Organ Damage(v.3311).33,CA14,Q9ULX7
Olink Target 96 Organ Damage(v.3311).34,RCOR1,Q9UKL0
Olink Target 96 Organ Damage(v.3311).35,LTA4H,P09960
Olink Target 96 Organ Damage(v.3311).36,EDIL3,O43854
Olink Target 96 Organ Damage(v.3311).37,FOXO1,Q12778
Olink Target 96 Organ Damage(v.3311).38,CA12,O43570
Olink Target 96 Organ Damage(v.3311).39,PLIN1,O60240
Olink Target 96 Organ Damage(v.3311).40,PRKRA,O75569
Olink Target 96 Organ Damage(v.3311).41,PPM1B,O75688
Olink Target 96 Organ Damage(v.3311).42,YES1,P07947
Olink Target 96 Organ Damage(v.3311).43,ENTPD2,Q9Y5L3
Olink Target 96 Organ Damage(v.3311).44,PDP1,Q9P0J1
Olink Target 96 Organ Damage(v.3311).45,VASH1,Q7L8A9
Olink Target 96 Organ Damage(v.3311).46,LAT2,Q9GZY6
Olink Target 96 Organ Damage(v.3311).47,KIM1,Q96D42
Olink Target 96 Organ Damage(v.3311).48,STX8,Q9UNK0
Olink Target 96 Organ Damage(v.3311).49,ERBB2IP,Q96RT1
Olink Target 96 Organ Damage(v.3311).50,RASA1,P20936
Olink Target 96 Organ Damage(v.3311).51,MAEA,Q7L5Y9
Olink Target 96 Organ Damage(v.3311).52,GALNT10,Q86SR1
Olink Target 96 Organ Damage(v.3311).53,BTC,P35070
Olink Target 96 Organ Damage(v.3311).54,PON2,Q15165
Olink Target 96 Organ Damage(v.3311).55,MAGED1,Q9Y5V3
Olink Target 96 Organ Damage(v.3311).56,NPPC,P23582
Olink Target 96 Organ Damage(v.3311).57,BANK1,Q8NDB2
Olink Target 96 Organ Damage(v.3311).58,PLXDC1,Q8IUK5
Olink Target 96 Organ Damage(v.3311).59,NBN,O60934
Olink Target 96 Organ Damage(v.3311).60,MAX,P61244
Olink Target 96 Organ Damage(v.3311).61,ENTPD6,O75354
Olink Target 96 Organ Damage(v.3311).62,MAP4K5,Q9Y4K4
Olink Target 96 Organ Damage(v.3311).63,ITGB1BP1,O14713
Olink Target 96 Organ Damage(v.3311).64,NUB1,Q9Y5A7
Olink Target 96 Organ Damage(v.3311).65,RARRES1,P49788
Olink Target 96 Organ Damage(v.3311).66,RASSF2,P50749
Olink Target 96 Organ Damage(v.3311).67,CALCA,P01258
Olink Target 96 Organ Damage(v.3311).68,CRH,P06850
Olink Target 96 Organ Damage(v.3311).69,METAP1,P53582
Olink Target 96 Organ Damage(v.3311).70,PDCD1,Q15116
Olink Target 96 Organ Damage(v.3311).71,PTN,P21246
Olink Target 96 Organ Damage(v.3311).72,SERPINA9,Q86WD7
Olink Target 96 Organ Damage(v.3311).73,ATP6AP2,O75787
Olink Target 96 Organ Damage(v.3311).74,NCF2,P19878
Olink Target 96 Organ Damage(v.3311).75,FGR,P09769
Olink Target 96 Organ Damage(v.3311).76,PSMA1,P25786
Olink Target 96 Organ Damage(v.3311).77,HPGDS,O60760
Olink Target 96 Organ Damage(v.3311).78,STXBP3,O00186
Olink Target 96 Organ Damage(v.3311).79,FKBP1B,P68106
Olink Target 96 Organ Damage(v.3311).80,CNTN2,Q02246
Olink Target 96 Organ Damage(v.3311).81,WAS,P42768
Olink Target 96 Organ Damage(v.3311).82,PTPRJ,Q12913
Olink Target 96 Organ Damage(v.3311).83,RRM2B,Q7LG56
Olink Target 96 Organ Damage(v.3311).84,PTK7,Q13308
Olink Target 96 Organ Damage(v.3311).85,PVALB,P20472
Olink Target 96 Organ Damage(v.3311).86,EGFL7,Q9UHF1
Olink Target 96 Organ Damage(v.3311).87,FABP9,Q0Z7S8
Olink Target 96 Organ Damage(v.3311).88,TMPRSS15,P98073
Olink Target 96 Organ Damage(v.3311).89,LHB,P01229
Olink Target 96 Organ Damage(v.3311).90,FOSB,P53539
Olink Target 96 Organ Damage(v.3311).91,CALR,P27797
Olink Target 96 Cardiometabolic(v.3603).92,Plate ID,
Olink Target 96 Cardiovascular II(v.5006).92,Plate ID,
Olink Target 96 Cardiovascular III(v.6114).92,Plate ID,
Olink Target 96 Development(v.3521).92,Plate ID,
Olink Target 96 Immune Response(v.3204).92,Plate ID,
Olink Target 96 Inflammation(v.3022).92,Plate ID,
Olink Target 96 Metabolism(v.3403).92,Plate ID,
Olink Target 96 Neuro Exploratory(v.3911).92,Plate ID,
Olink Target 96 Neurology(v.8013).92,Plate ID,
Olink Target 96 Oncology II(v.7005).92,Plate ID,
Olink Target 96 Oncology III(v.4002).92,Plate ID,
Olink Target 96 Organ Damage(v.3311).92,Plate ID,
Olink Target 96 Cardiometabolic(v.3603).93,QC Warning,
Olink Target 96 Cardiovascular II(v.5006).93,QC Warning,
Olink Target 96 Cardiovascular III(v.6114).93,QC Warning,
Olink Target 96 Development(v.3521).93,QC Warning,
Olink Target 96 Immune Response(v.3204).93,QC Warning,
Olink Target 96 Inflammation(v.3022).93,QC Warning,
Olink Target 96 Metabolism(v.3403).93,QC Warning,
Olink Target 96 Neuro Exploratory(v.3911).93,QC Warning,
Olink Target 96 Neurology(v.8013).93,QC Warning,
Olink Target 96 Oncology II(v.7005).93,QC Warning,
Olink Target 96 Oncology III(v.4002).93,QC Warning,
Olink Target 96 Organ Damage(v.3311).93,QC Warning,
